t,date,gain5,sf,flt,optionable,calls,calls_score,brk,px,rsi,lo20,hi20,lo52,s20,ret5,ret20,rvol_prev,vr3,rvol_day1,gap_day1,day1,above20,dv
KEGS,2026-09-10,999900.0,0.0,,False,absent,,absent,0.0,53.1,200.0,0.0,50.0,2.4,0.0,50.0,0.0,0.01,0.03,-16.7,0.0,True,0.01
VSEED,2026-09-18,21775.0,15.4,594267.0,False,absent,,absent,0.02,35.4,60.0,-44.8,33.3,-12.3,14.3,-40.7,2.39,0.98,0.15,0.0,0.0,False,0.13
IPDN,2026-09-15,3225.0,8.6,364962.0,False,absent,,absent,0.12,29.1,20.0,-72.7,9.1,-22.9,0.0,-50.0,0.64,6.28,0.0,2766.7,2675.0,False,1.09
OPTT,2026-09-14,2836.4,17.2,8886667.0,True,absent,,absent,0.11,24.3,10.0,-50.0,0.0,-38.4,-42.1,-47.6,13.7,5.32,0.17,2836.4,2381.8,False,0.53
CPOP,2026-09-15,2684.2,4.7,323905.0,False,absent,,absent,0.24,34.6,2.6,-42.6,0.0,-27.6,-24.2,-38.5,0.56,0.57,0.08,1393.8,1290.0,False,1.24
WHLR,2026-09-17,2174.2,5.1,53650.0,False,absent,,absent,0.38,16.0,19.7,-97.4,9.1,-94.7,-88.9,-97.2,58.29,20.14,0.38,793.0,785.9,False,0.06
VWAV,2026-09-17,2048.5,15.7,776544.0,True,absent,,absent,0.38,19.0,4.7,-98.7,0.0,-97.4,-95.9,-98.6,35.55,16.78,0.36,1878.8,1841.6,False,0.06
MTNB,2026-09-29,1806.3,3.0,763075.0,False,absent,,absent,0.16,36.0,6.0,-22.0,0.0,-11.7,0.0,-20.0,1.02,0.63,1.01,1443.8,1700.0,False,0.91
JAGX,2026-09-22,1455.4,5.0,343896.0,False,absent,,absent,2.67,15.4,13.6,-82.9,0.0,-67.7,-44.2,-79.5,1.03,2.65,395.98,6.0,1190.6,False,0.08
MEDS,2026-09-10,1346.5,20.0,1489624.0,False,absent,,absent,0.85,25.7,3.4,-48.7,0.0,-30.0,-14.0,-38.8,0.21,0.28,0.11,3.4,4.8,False,0.23
DLXY,2026-09-14,980.1,1.0,290049.0,False,absent,,absent,0.41,50.3,17.7,-17.6,17.7,1.3,-2.1,0.7,0.2,0.38,0.09,0.2,0.5,True,0.13
GMEX,2026-09-28,882.2,16.6,20254.0,False,absent,,absent,0.37,17.8,4.9,-68.2,0.0,-39.0,-12.4,-66.1,0.2,0.19,0.03,818.0,785.2,False,0.93
TNMG,2026-09-09,746.7,0.1,237283.0,False,absent,,absent,0.44,47.0,18.1,-45.3,34.5,-4.3,-6.2,-18.0,0.04,0.05,0.01,691.8,684.9,False,6.15
MGN,2026-09-09,738.0,3.0,717858.0,False,absent,,absent,3.0,23.4,0.0,-98.8,0.0,-97.6,-97.9,-98.0,0.0,0.13,744.48,246.0,176.0,False,0.08
FTFT,2026-09-09,623.7,11.8,5382818.0,False,absent,,absent,1.31,17.6,7.4,-64.0,0.0,-49.5,-32.8,-59.6,0.35,0.35,81.46,-3.1,59.5,False,0.43
IZM,2026-09-15,579.1,3.8,1554278.0,False,absent,,absent,0.22,37.4,3.9,-20.1,0.0,-9.9,-10.8,-14.0,1.0,0.51,2.96,411.6,541.9,False,0.24
AEMD,2026-09-17,564.3,10.5,702048.0,False,absent,,absent,1.43,24.2,1.4,-56.5,0.0,-31.1,-15.4,-50.5,0.01,0.02,28.6,493.0,374.1,False,1.51
MSGY,2026-09-22,494.8,15.5,807132.0,False,absent,,absent,1.92,39.5,11.0,-26.2,6.1,-3.6,-5.9,-13.5,0.71,0.35,0.32,6.3,5.2,False,1.46
BENF,2026-09-23,485.5,13.4,1531507.0,False,absent,,absent,0.54,23.1,8.0,-80.6,0.0,-64.7,-10.6,-76.1,0.16,1.83,23.52,442.8,439.0,False,2.15
WCT,2026-09-09,474.2,0.1,591462.0,False,absent,,absent,1.44,66.1,278.9,-21.7,92.3,42.5,32.1,71.4,0.07,0.08,0.04,381.2,381.9,True,3.6
VEEA,2026-09-14,469.2,64.8,1521105.0,False,absent,,absent,1.56,25.7,16.4,-45.1,0.0,-28.0,-10.9,-39.1,0.19,0.12,184.6,2.6,46.8,False,0.21
GLND,2026-09-21,457.5,0.0,,True,absent,,absent,1.2,34.2,10.1,-21.1,7.1,-9.6,-1.6,-18.9,62.21,20.96,348.2,151.7,140.0,False,1.34
APUS,2026-09-22,447.3,1.3,,False,absent,,absent,1.67,23.7,10.6,-69.2,4.4,-42.8,-20.1,-65.5,4.6,4.77,0.91,-1.2,10.8,False,0.16
IMCC,2026-09-16,430.7,7.9,518266.0,False,absent,,absent,1.63,24.6,5.2,-60.7,0.0,-40.4,-16.8,-48.3,0.45,0.55,0.17,-1.2,0.0,False,0.35
TNON,2026-09-10,344.3,86.0,620827.0,False,absent,,absent,2.44,32.2,1.7,-86.3,0.0,-54.5,-46.0,-60.3,3.47,1.2,34.72,72.1,117.2,False,3.36
ARTL,2026-09-17,319.5,4.1,510236.0,False,absent,,absent,3.75,24.9,8.7,-45.2,0.0,-37.1,-37.3,-42.9,3.54,1.8,1.6,2.4,5.9,False,0.2
PAAI,2026-09-17,285.6,3.8,13144349.0,True,absent,,absent,0.9,42.6,9.8,-34.3,11.1,-8.3,-16.7,-10.9,0.15,0.14,30.41,4.4,271.1,False,0.39
VSA,2026-09-23,259.6,0.3,620668.0,False,absent,,absent,1.98,19.0,5.0,-45.5,0.0,-33.3,-29.5,-42.6,0.3,0.49,302.46,1.5,83.8,False,0.36
DAIC,2026-09-17,255.7,22.2,1848683.0,False,absent,,absent,2.01,45.3,443.2,-70.0,378.6,-26.3,-30.9,214.6,0.64,0.23,6.45,105.0,163.7,False,11.71
SDEV,2026-09-24,250.9,4.3,22550189.0,False,absent,,absent,1.12,58.0,43.6,-12.5,33.3,19.3,33.3,7.7,1.7,2.33,6.92,8.9,15.2,True,1.25
NCPL,2026-09-17,230.2,3.1,4387760.0,False,absent,,absent,0.42,45.9,104.8,-63.1,86.0,-14.5,-12.4,86.0,0.01,0.01,1.04,-2.1,32.8,False,5.88
AEHL,2026-09-16,225.4,5.4,196957.0,False,absent,,absent,5.16,41.4,73.2,-45.6,45.8,-17.2,-35.8,1.0,0.05,0.18,1.37,-1.4,78.7,False,8.06
VRME,2026-09-15,207.0,0.5,1077453.0,False,absent,,absent,6.35,45.2,7.6,-14.2,5.8,-3.6,5.1,-3.8,0.51,0.31,0.43,1.5,2.8,False,0.03
DCOY,2026-09-22,197.3,1.6,586404.0,False,absent,,absent,2.56,31.6,17.4,-25.4,0.0,-10.5,-5.5,-20.0,3.22,1.65,3592.16,101.2,21.1,False,0.65
AVAT,2026-09-18,192.8,1.5,25546730.0,False,absent,,absent,0.88,57.8,136.8,-20.6,194.6,20.1,-7.4,107.3,0.99,0.81,2.64,-2.4,22.6,True,0.53
DXST,2026-09-29,192.3,4.7,998066.0,False,absent,,absent,1.95,25.5,2.6,-26.7,25.0,-22.1,-24.7,-25.9,6.07,3.47,1851.27,2.8,55.9,False,1.91
YDES,2026-09-23,179.8,0.3,15798663.0,False,absent,,absent,2.82,40.0,12.4,-42.1,48.4,-26.2,-28.6,-39.5,0.83,1.12,0.76,-1.4,14.5,False,0.78
BKYI,2026-09-29,177.4,0.5,1338199.0,False,absent,,absent,1.68,17.7,3.1,-48.5,0.0,-35.1,-32.0,-45.5,1.47,2.33,2653.29,100.6,85.7,False,0.16
KXIN,2026-09-16,172.8,0.8,42133957.0,False,absent,,absent,1.03,13.6,90.7,-82.5,0.0,-63.5,-9.6,-81.0,0.12,0.08,12.91,1.9,9.7,False,0.45
INLF,2026-09-22,158.3,1.2,1392.0,False,absent,,absent,2.66,23.1,1.1,-45.7,19.3,-26.5,-10.1,-43.9,0.39,0.83,0.84,-0.4,5.3,False,8.36
TRUG,2026-09-11,153.4,13.9,205801.0,False,absent,,absent,3.71,32.9,3.1,-79.6,0.0,-46.0,-11.9,-58.7,0.08,1.68,41.39,34.8,76.0,False,1.37
IPW,2026-09-10,150.3,6.9,73156.0,False,absent,,absent,1.67,17.3,9.2,-57.7,0.0,-32.7,-7.7,-56.2,0.37,0.2,0.29,-3.6,1.8,False,0.46
SMJF,2026-09-23,148.4,1.1,2700129.0,False,absent,,absent,1.24,26.6,37.8,-89.2,24.0,-51.3,17.0,-89.0,1.52,0.75,2.49,5.6,29.0,False,1.42
PCLA,2026-09-09,144.5,3.3,3995836.0,False,absent,,absent,6.32,47.6,5.3,-67.8,368.1,-9.7,-6.5,-30.6,0.04,0.06,0.86,-2.4,17.4,False,2.74
FEAM,2026-09-16,138.1,1.4,22352560.0,False,absent,,absent,1.26,34.8,2.4,-31.5,20.0,-19.8,-18.2,-24.6,2.3,1.27,11.34,1.6,39.7,False,0.66
BIAF,2026-09-17,133.3,12.0,532257.0,False,absent,,absent,5.35,41.6,17.3,-73.7,17.3,-28.3,-49.0,-24.6,0.03,0.04,3.19,30.8,63.6,False,13.65
EGG,2026-09-25,133.3,1.2,8255093.0,False,absent,,absent,2.67,38.7,4.7,-19.6,30.2,-3.9,0.4,-12.2,1.73,0.68,0.26,1.3,4.9,False,1.21
PFSA,2026-09-18,132.2,5.2,518192.0,False,absent,,absent,1.8,41.2,13.9,-89.8,1.1,-52.6,-28.0,-86.7,0.25,1.26,0.36,1.1,6.1,False,2.1
TURB,2026-09-17,130.4,5.8,3723022.0,False,absent,,absent,0.89,27.5,1.6,-31.2,0.0,-21.7,-24.9,-29.6,1.88,2.19,732.69,73.4,49.9,False,0.32
MNOV,2026-09-11,124.1,0.8,42304184.0,True,absent,,absent,1.74,71.8,33.8,-5.9,41.5,17.8,21.7,30.8,1.24,1.9,0.84,-0.6,4.0,True,0.1
PSIG,2026-09-10,123.5,0.2,7788387.0,False,absent,,absent,1.78,47.7,70.0,-40.5,65.3,1.7,-5.1,53.9,2.4,0.84,8.31,-3.1,28.3,True,1.96
MGLD,2026-09-23,120.8,0.6,15958151.0,False,absent,,absent,0.96,44.4,6.4,-11.9,2.6,-4.1,2.1,-5.9,0.14,0.59,1.17,1.0,0.0,False,0.01
CNET,2026-09-22,119.1,1.4,3026160.0,False,absent,,absent,1.31,50.6,8.3,-14.9,101.5,-1.0,6.5,-3.0,0.33,0.36,0.1,0.0,0.0,False,0.35
TDIC,2026-09-22,109.4,0.3,2432379.0,False,absent,,absent,1.91,38.7,3.2,-28.7,0.0,-16.8,-12.0,-27.4,1.09,0.93,0.65,2.1,2.1,False,1.02
NAMI,2026-09-15,105.6,6.3,747383.0,False,absent,,absent,1.8,29.2,0.0,-46.9,0.0,-25.1,-15.9,-43.2,0.17,0.3,449.97,8.3,26.7,False,1.87
SUNE,2026-09-09,105.5,7.3,4653225.0,False,absent,,absent,2.37,50.8,11.8,-13.8,109.7,0.6,2.6,-10.6,108.1,36.93,761.45,27.0,90.3,True,18.32
CTNT,2026-09-17,104.8,29.9,698.0,False,absent,,absent,6.3,11.0,7.7,-97.4,0.0,-96.5,-96.2,-97.3,13.05,10.75,69.25,95.2,7.1,False,0.29
DBGI,2026-09-09,102.7,31.4,916295.0,False,absent,,absent,3.69,26.0,17.5,-79.4,1.7,-61.1,-42.4,-78.4,0.4,3.98,0.29,0.5,1.6,False,0.64
BMGL,2026-09-11,101.3,21.8,512600.0,False,absent,,absent,4.58,40.9,9.8,-23.7,1.6,-8.8,-7.3,1.6,0.15,0.07,0.0,0.0,0.0,False,0.1
INDP,2026-09-09,99.7,2.2,23364042.0,False,absent,,absent,1.85,64.8,101.1,-4.6,97.6,58.9,61.6,55.5,9.66,3.36,6.48,3.8,12.4,True,0.95
NCT,2026-09-11,97.6,12.8,27923.0,False,absent,,absent,7.32,20.9,12.7,-95.2,0.0,-91.3,-94.0,-91.8,0.33,0.36,6.99,-3.4,2.4,False,0.5
ELPW,2026-09-21,96.0,1.0,31626.0,False,absent,,absent,2.49,28.1,2.9,-41.4,0.0,-23.8,-9.1,-40.0,0.39,0.69,0.4,-2.4,0.0,False,1.35
MSS,2026-09-17,94.1,7.5,389834.0,False,absent,,absent,1.52,43.9,15.2,-51.3,19.7,-3.8,-12.1,-3.2,0.01,0.02,0.02,1.3,0.7,False,4.22
AGRZ,2026-09-09,93.8,5.2,9890481.0,False,absent,,absent,4.54,41.6,26.1,-58.8,10.7,-10.1,3.2,-20.4,0.03,0.05,27.69,88.5,10.6,False,0.95
SRFM,2026-09-17,91.1,13.0,100525242.0,False,absent,,absent,0.5,28.1,9.0,-33.7,6.0,-22.1,-19.1,-25.7,1.58,1.95,22.08,19.7,27.8,False,2.77
JTAI,2026-09-16,89.1,17.1,3355098.0,False,absent,,absent,1.28,40.7,6.7,-24.9,177.2,-10.2,-3.8,-17.4,0.97,0.68,0.57,-2.3,0.8,False,1.87
BNGO,2026-09-10,89.0,9.7,10636398.0,False,absent,,absent,1.18,48.0,5.4,-7.8,11.3,-2.2,-3.3,-0.8,0.43,0.69,1.8,0.0,1.7,False,0.16
HCWB,2026-09-24,88.0,0.5,1649790.0,False,absent,,absent,1.66,28.6,3.1,-56.4,3.2,-34.5,-17.4,-36.2,0.57,0.42,48.34,1.8,19.9,False,0.26
SSM,2026-09-18,87.0,4.5,626671.0,False,absent,,absent,1.46,32.6,3.5,-73.0,0.0,-46.2,-25.9,-43.6,2.19,0.76,16.21,65.1,3.4,False,1.12
AMBR,2026-09-15,85.8,0.7,20719994.0,True,absent,,absent,1.13,50.9,36.1,-19.3,28.4,7.0,24.2,-13.7,0.21,0.17,0.19,-5.3,4.4,True,0.45
AIFF,2026-09-24,85.2,2.0,14022749.0,False,absent,,absent,1.15,52.0,23.7,-20.1,23.7,4.5,23.7,11.7,0.12,0.27,0.3,-1.7,3.5,True,0.37
STAK,2026-09-24,85.1,44.6,6883781.0,False,absent,,absent,0.94,37.3,0.0,-31.4,16.0,-21.3,-18.3,-29.9,1.06,0.64,120.4,1.1,53.2,False,3.65
NWGL,2026-09-09,85.0,3.9,9746669.0,False,absent,,absent,1.07,64.0,279.4,-24.1,386.4,52.7,25.9,252.0,0.26,1.57,0.08,-2.8,0.9,True,3.84
ETS,2026-09-14,82.7,0.3,36899956.0,False,absent,,absent,1.5,74.0,97.4,-3.2,197.0,46.9,80.3,40.2,1.0,1.12,1.01,2.0,5.3,True,0.32
LXEH,2026-09-23,82.5,0.6,1749035.0,False,absent,,absent,1.37,37.6,0.7,-27.1,54.6,-16.2,-18.0,-22.2,2.42,1.63,3101.31,19.7,16.1,False,0.06
BGIN,2026-09-25,82.3,0.2,43350299.0,False,absent,,absent,1.86,47.0,7.5,-12.7,9.4,-3.1,1.1,-5.6,0.31,0.55,0.26,2.7,2.2,False,0.07
JZXN,2026-09-16,81.3,0.1,462184.0,False,absent,,absent,1.07,36.2,2.9,-24.6,21.6,-10.0,-7.0,-21.3,0.6,0.44,534.38,24.3,20.6,False,3.63
CYPH,2026-09-16,81.1,11.4,74970603.0,True,absent,,absent,2.22,61.2,231.3,-31.2,327.7,22.7,-15.6,214.9,0.85,0.83,1.65,12.2,9.9,True,12.67
ZSQR,2026-09-22,79.9,8.1,51569916.0,False,absent,,absent,2.64,36.5,25.1,-43.1,15.3,-16.4,-4.2,-27.7,0.59,0.95,0.67,2.3,5.7,False,1.46
AHMA,2026-09-09,79.5,1.7,2144956.0,False,absent,,absent,1.17,28.2,1.7,-33.5,47.4,-21.1,-15.2,-32.8,1.77,1.27,1.66,4.3,9.4,False,3.46
VBIO,2026-09-21,78.8,4.3,879575.0,,absent,,absent,2.12,29.5,3.4,-54.9,1.9,-25.3,-6.2,-30.5,0.14,0.31,0.29,0.8,12.3,False,0.83
SUIG,2026-09-17,78.2,1.5,64574319.0,,absent,,absent,0.93,44.6,15.7,-24.1,14.7,-6.9,-8.3,8.6,0.44,0.53,0.48,3.7,7.9,False,0.4
CD,2026-09-18,77.7,5.6,87236314.0,,absent,,absent,2.91,43.2,4.3,-29.9,9.8,-10.8,-1.7,-15.9,0.59,0.76,1.95,0.7,20.3,False,0.84
FBGL,2026-09-16,77.7,0.9,658436.0,,absent,,absent,3.58,38.5,0.8,-29.8,0.0,-10.5,-9.4,-10.3,0.03,0.04,0.07,2.8,3.4,False,0.15
AIXC,2026-09-17,77.1,3.9,19951501.0,,absent,,absent,0.96,53.2,46.6,-69.4,47.7,3.1,36.0,-27.3,0.09,0.35,0.05,-2.8,8.3,True,1.3
YMAT,2026-09-09,76.6,2.5,664113.0,,absent,,absent,1.33,29.4,55.9,-36.9,10.0,-28.9,-28.4,-31.0,6.57,3.12,2044.4,41.9,71.3,False,1.09
HLP,2026-09-11,76.2,0.5,37050988.0,,absent,,absent,1.2,44.0,2.6,-18.4,179.7,-7.0,-12.4,-6.2,0.49,0.95,0.3,2.5,0.8,False,1.85
AUUD,2026-09-17,75.0,9.8,5300680.0,,absent,,absent,1.0,46.5,12.4,-10.7,21.7,-0.4,1.0,-8.3,0.09,0.15,0.23,0.0,4.0,False,3.05
CLRO,2026-09-25,74.9,2.9,888130.0,,absent,,absent,3.43,32.6,2.7,-46.2,26.1,-28.7,-16.9,-45.1,5.28,2.19,59.21,2.3,0.6,False,15.36
JDZG,2026-09-10,74.9,0.6,407717.0,,absent,,absent,3.46,17.2,27.4,-24.9,23.1,-5.0,22.3,23.1,0.13,0.29,2.66,-0.6,2.0,False,0.57
LSTA,2026-09-17,74.1,2.2,6646737.0,,absent,,absent,1.47,43.0,37.4,-26.5,48.5,-7.2,-22.6,27.8,0.17,0.25,5.4,70.1,18.4,False,0.34
BYAH,2026-09-10,74.0,5.1,269336.0,,absent,,absent,2.27,31.7,2.3,-40.3,0.0,-20.6,-18.3,-36.1,0.36,0.3,1.11,-1.8,6.2,False,1.96
IPST,2026-09-21,73.9,1.5,664661.0,,absent,,absent,2.76,41.8,6.2,-81.9,44.5,-42.8,-25.4,-73.2,0.05,0.11,0.11,-0.4,0.0,False,6.64
HOST,2026-09-10,71.4,0.0,,,absent,,absent,8.5,51.2,27.8,-26.4,38.8,-4.4,14.2,-10.4,0.28,0.56,0.68,0.6,13.5,False,3.15
GLOO,2026-09-16,70.1,0.8,31038176.0,,absent,,absent,3.28,49.2,13.1,-11.1,11.2,0.8,3.1,2.5,1.14,1.93,24.26,0.0,24.1,True,0.88
NNVC,2026-09-15,69.5,2.4,21076385.0,,absent,,absent,1.05,26.0,5.0,-25.5,20.7,-13.7,-6.3,-23.9,2.12,1.65,2.45,1.9,0.0,False,0.37
NAUT,2026-09-24,67.2,6.5,67465629.0,,absent,,absent,0.95,46.6,10.8,-16.3,12.0,0.3,-1.9,8.3,0.37,0.56,0.5,-1.5,3.9,True,1.0
SPHL,2026-09-22,66.8,1.7,1011981.0,,absent,,absent,2.2,33.2,0.0,-15.7,0.0,-9.2,-6.4,-14.7,0.44,0.35,0.0,0.0,0.0,False,0.68
TGL,2026-09-14,66.3,5.6,1651159.0,,absent,,absent,2.73,49.1,33.6,-16.9,27.6,4.2,8.8,-8.4,0.07,0.14,0.09,2.6,12.1,True,0.66
GDC,2026-09-21,65.9,11.4,4090239.0,,absent,,absent,1.29,32.6,1.6,-64.1,0.0,-13.9,-6.5,-48.2,0.34,0.24,11.03,4.7,13.2,False,1.68
LGHL,2026-09-17,65.9,16.8,22767.0,,absent,,absent,5.75,22.2,1.2,-68.7,0.0,-41.2,-30.0,-48.5,0.19,0.19,0.21,1.7,12.2,False,1.36
IRD,2026-09-09,62.9,15.9,64134828.0,,absent,,absent,4.34,58.8,23.6,-10.1,48.6,9.5,19.9,18.6,1.82,2.4,43.71,22.4,32.0,True,4.76
PMI,2026-09-11,61.0,15.0,1281782.0,,absent,,absent,4.41,44.4,66.3,-62.8,45.5,-14.4,-3.7,29.3,0.07,0.06,0.12,3.4,20.9,False,7.28
LVWR,2026-09-15,60.9,12.7,13590088.0,,absent,,absent,1.1,44.7,1.9,-32.1,69.8,-8.9,-14.1,-8.3,0.55,0.48,0.28,0.0,1.8,False,4.69
SCNI,2026-09-14,60.8,69.3,488725.0,,absent,,absent,1.66,28.0,3.7,-53.6,0.0,-30.7,-14.9,-30.8,19.93,6.85,234.18,40.4,47.0,False,0.16
GCTK,2026-09-24,60.1,12.1,636239.0,,absent,,absent,2.03,29.9,1.6,-61.3,0.0,-35.8,-9.6,-60.2,218.5,74.36,408.81,19.7,27.1,False,1.56
YFOR,2026-09-14,60.0,4.6,260000.0,,absent,,absent,1.28,43.5,16.4,-40.5,20.8,-8.3,-6.6,0.0,0.02,0.03,0.03,-3.1,12.5,False,4.11
KAZR,2026-09-17,59.8,15.5,12954551.0,,absent,,absent,1.74,34.7,4.8,-29.3,1.8,-16.2,-22.7,-18.3,2.22,2.03,1.88,0.6,8.0,False,0.33
XRTX,2026-09-18,59.6,4.3,1791278.0,,absent,,absent,1.66,36.4,4.4,-37.1,0.0,-22.5,-21.3,-17.0,11.36,4.03,36.67,17.5,15.7,False,0.12
SVIA,2026-09-16,58.9,2.4,72483377.0,,absent,,absent,3.14,77.7,88.0,-5.4,121.1,29.1,15.0,72.5,1.65,1.58,2.05,-1.9,3.5,True,2.94
EAF,2026-09-16,58.6,6.8,18425243.0,,absent,,absent,7.13,54.5,24.9,-9.1,32.5,5.2,13.2,-3.1,1.22,1.01,2.9,-0.1,13.7,True,2.69
LFCR,2026-09-28,58.3,8.7,19328908.0,,absent,,absent,4.2,42.3,5.0,-12.5,12.9,-3.5,-5.8,-7.5,0.45,0.79,25.53,55.2,55.2,False,0.69
ALAR,2026-09-10,57.7,2.0,6908326.0,,absent,,absent,1.56,37.8,34.5,-17.9,32.2,-4.7,2.0,-14.3,0.69,1.04,9.68,5.1,14.1,False,0.35
EPSM,2026-09-21,57.6,0.7,2634673.0,,absent,,absent,1.23,33.3,2.5,-23.6,8.8,-12.8,-9.6,-11.5,0.32,0.39,0.81,2.4,1.6,False,0.04
STKE,2026-09-18,57.3,0.7,31136589.0,,absent,,absent,1.1,45.0,6.8,-20.3,23.6,-8.9,-7.6,-6.8,0.32,0.5,1.18,4.5,9.1,False,0.32
UZX,2026-09-11,57.3,6.5,430369.0,,absent,,absent,2.05,19.5,15.6,-31.5,0.0,-24.2,-27.0,-25.8,26.97,9.86,24.87,-2.2,2.2,False,0.25
MYSZ,2026-09-15,56.6,30.6,650294.0,,absent,,absent,1.66,24.1,0.0,-61.2,0.0,-30.2,-26.5,-44.1,3.6,1.24,53.91,43.4,39.8,False,0.33
NVVE,2026-09-10,56.5,4.7,852616.0,,absent,,absent,1.15,37.9,15.0,-39.4,22.5,-6.2,-2.0,4.5,0.22,0.49,0.16,3.0,0.0,False,1.55
BNKK,2026-09-25,56.3,2.7,5163487.0,,absent,,absent,1.42,56.8,25.8,-7.2,56.6,5.1,2.9,10.9,0.83,0.73,1.17,2.8,7.7,True,0.15
SXTC,2026-09-11,55.4,5.0,401683.0,,absent,,absent,1.93,23.1,8.4,-65.2,0.0,-39.9,-13.1,-41.5,0.06,0.03,8.03,16.1,32.6,False,2.0
HSDT,2026-09-16,54.8,2.7,45072568.0,,absent,,absent,2.21,55.8,36.4,-10.9,74.0,3.8,-1.3,33.1,1.01,0.9,1.67,-0.2,4.1,True,0.59
GVH,2026-09-11,54.0,3.3,2348636.0,,absent,,absent,1.0,33.6,5.3,-11.5,13.6,-1.6,-1.0,-1.0,0.42,0.43,0.71,1.2,1.0,False,1.11
CANG,2026-09-14,53.0,3.0,,,absent,,absent,1.83,45.3,24.5,-35.8,30.7,-11.0,-14.5,-19.0,0.14,0.24,0.2,-1.6,1.1,False,0.53
LZMH,2026-09-23,52.5,1.9,1730240.0,,absent,,absent,1.18,45.1,5.8,-10.6,8.3,-3.7,-2.5,-4.1,0.63,0.67,0.39,0.0,1.7,False,0.41
CRML,2026-09-16,51.8,35.7,82616369.0,,absent,,absent,6.35,42.0,11.7,-25.8,23.8,-8.8,-13.3,-3.3,0.51,0.64,1.1,8.1,2.0,False,39.89
EMAT,2026-09-14,51.3,1.8,80013307.0,,absent,,absent,3.08,43.3,43.3,-35.8,36.3,-6.2,-6.4,36.3,0.46,0.74,0.87,-1.3,8.1,False,1.64
ORBS,2026-09-17,51.1,6.2,314945176.0,,absent,,absent,0.83,49.0,28.3,-30.5,44.5,-3.5,-19.8,26.0,1.15,0.78,0.62,5.5,8.8,False,11.84
WETO,2026-09-24,51.0,38.2,176268.0,,absent,,absent,1.45,34.6,0.0,-95.3,0.0,-71.9,-21.2,-94.9,2.3,0.87,4.23,39.3,31.0,False,6.15
VRA,2026-09-15,50.7,3.0,18921895.0,,absent,,absent,3.04,39.3,5.9,-11.4,0.7,-5.2,-9.3,-7.0,6.06,3.06,131.53,18.7,34.5,False,0.53
SSLZY,2026-09-18,50.1,0.0,3196455519.0,,absent,,absent,6.23,55.0,8.0,-6.2,27.1,1.1,-2.4,2.1,70.25,24.12,44.66,0.2,13.3,True,0.66
YMT,2026-09-29,49.2,48.0,60086.0,,absent,,absent,1.77,28.0,7.9,-42.5,0.0,-16.7,-8.3,-37.0,93.39,31.81,177.64,22.0,1.1,False,0.5
GEMI,2026-09-17,48.3,20.8,45669988.0,,absent,,absent,4.18,46.5,21.9,-16.3,18.1,-4.7,-6.1,18.1,0.8,0.75,0.62,2.9,6.0,False,8.11
FFAI,2026-09-25,48.1,17.5,3785751.0,,deep40,40.0,absent,1.31,19.5,4.8,-55.9,0.0,-28.5,-26.0,-49.6,0.98,1.19,22.12,1.5,22.9,False,1.31
LITS,2026-09-18,48.1,0.3,31820367.0,,absent,,absent,1.04,51.5,16.9,-13.3,40.5,0.4,-1.9,10.6,2.61,1.48,3.01,2.9,8.7,True,0.25
VIOT,2026-09-10,48.1,2.4,31641213.0,,absent,,absent,1.08,55.2,63.6,-42.6,56.5,20.8,11.3,45.9,0.12,0.22,1.78,12.0,25.9,True,1.22
MWC,2026-09-14,47.9,0.2,21574595.0,,absent,,absent,1.42,40.9,11.8,-13.9,27.9,-1.4,0.0,0.0,0.43,0.42,3.24,0.7,28.9,False,0.58
RUBI,2026-09-16,47.9,6.4,604982.0,,absent,,absent,1.46,21.7,3.5,-27.7,0.0,-16.0,-17.0,-20.4,0.51,1.2,0.36,0.4,0.7,False,1.13
SKYA,2026-09-17,47.3,1.8,33428784.0,,absent,,absent,1.31,50.2,35.3,-16.0,37.9,-0.9,1.6,32.9,2.57,1.57,0.88,0.8,4.6,False,0.39
AIFA,2026-09-21,47.2,3.9,3753509.0,,absent,,absent,2.99,54.9,9.9,-10.7,95.4,-0.7,-3.5,-4.8,0.62,0.65,0.96,2.0,9.4,False,0.61
TELA,2026-09-11,47.0,1.8,21473162.0,,absent,,absent,0.9,65.7,49.8,-3.7,61.6,25.1,20.3,25.7,0.43,0.61,0.84,-1.9,7.2,True,0.15
DFDV,2026-09-17,46.9,19.1,24648203.0,,absent,,absent,4.54,49.6,48.4,-26.9,83.8,-6.0,-16.5,47.4,0.67,0.85,0.88,4.6,10.1,False,5.36
NUAI,2026-09-17,46.8,25.3,70014814.0,,absent,,deep40,5.41,50.3,19.0,-22.0,46.6,1.1,-16.5,5.5,1.03,0.89,0.94,6.3,7.4,True,40.09
EJH,2026-09-23,46.6,0.3,2455862.0,,absent,,absent,1.18,42.6,9.3,-25.9,5.4,-4.9,-3.3,-7.8,0.36,0.42,0.29,5.1,5.8,False,0.43
EU,2026-09-17,46.6,21.0,190789742.0,,absent,,absent,0.88,30.1,14.3,-41.3,0.0,-25.1,-27.3,-17.8,0.92,3.74,2.16,8.0,10.2,False,3.7
CBAT,2026-09-18,46.2,1.1,69352956.0,,absent,,absent,1.06,70.5,55.9,0.0,116.3,11.1,5.0,51.4,0.49,0.87,1.08,-2.8,3.8,True,0.39
BNC,2026-09-17,45.8,6.8,28763640.0,,absent,,absent,4.76,63.4,91.2,-14.7,139.2,31.3,7.4,88.9,0.39,0.63,0.35,5.7,13.9,True,8.22
FWDI,2026-09-17,45.8,10.0,69407947.0,,absent,,absent,6.01,52.6,42.1,-15.8,69.8,-0.7,-8.2,32.4,0.86,0.93,0.79,5.7,3.2,False,9.72
WSHP,2026-09-22,45.8,19.1,1201899.0,,absent,,absent,5.2,48.8,14.3,-34.6,15.3,-1.0,-10.3,11.3,0.09,0.12,1.22,9.6,14.4,False,2.54
CMRC,2026-09-09,45.7,9.7,57461053.0,,absent,,absent,2.56,53.2,26.1,-3.0,24.3,11.4,6.2,21.3,0.51,0.93,1.42,-0.8,1.6,True,2.37
CRMT,2026-09-10,44.6,27.0,5901975.0,,absent,,absent,1.48,27.1,5.7,-55.4,0.0,-42.3,-33.9,-54.0,14.15,5.61,6.87,-1.4,7.4,False,2.51
CRDF,2026-09-10,43.8,16.1,75379707.0,,absent,,absent,1.05,54.5,20.7,-7.1,29.6,6.1,1.9,0.0,1.07,0.93,1.11,0.0,15.2,True,1.29
PN,2026-09-15,43.6,1.3,1381041.0,,absent,,absent,2.02,39.0,14.1,-33.8,0.0,-21.5,-14.8,-23.5,1.56,0.63,3.45,0.5,19.3,False,1.47
SHMD,2026-09-22,43.6,6.3,13553725.0,,absent,,absent,3.53,46.2,20.5,-28.4,17.5,2.5,11.4,-28.1,0.48,0.53,0.58,0.0,1.7,True,2.25
WLDS,2026-09-18,43.3,1.0,2101439.0,,absent,,absent,1.5,33.7,0.0,-45.7,12.8,-26.0,-15.3,-38.8,0.16,0.12,0.34,0.0,1.3,False,2.62
SKYQ,2026-09-09,42.9,8.6,8107639.0,,absent,,absent,2.66,43.2,6.4,-29.9,133.3,-5.5,-0.4,-28.7,1.14,0.73,1.01,2.3,0.4,False,29.72
HVII,2026-09-29,42.8,0.3,14535853.0,,absent,,absent,2.15,24.7,13.2,-82.2,0.0,-74.3,-80.2,-71.2,0.52,0.92,1.3,-5.1,21.9,False,0.56
ONEN,2026-09-29,42.8,0.0,,,absent,,absent,2.15,24.7,13.2,-82.2,0.0,-74.3,-80.2,-71.2,0.52,0.92,1.3,-5.1,21.9,False,0.56
TONX,2026-09-17,42.7,8.8,30314376.0,,absent,,absent,2.94,45.4,14.4,-17.6,44.8,-5.0,-4.5,12.2,0.61,0.56,0.47,2.0,5.4,False,1.15
CDTG,2026-09-11,42.3,13.4,2766994.0,,absent,,absent,1.3,47.6,51.2,-84.7,53.1,-14.3,35.0,6.6,0.03,0.56,0.38,10.0,8.5,False,5.76
SST,2026-09-17,41.2,11.2,5703647.0,,absent,,absent,3.1,53.0,77.1,-43.1,86.7,9.6,-29.7,52.0,0.12,0.16,0.1,1.0,3.9,True,1.67
CLGN,2026-09-16,40.6,3.5,860578.0,,absent,,absent,3.4,50.7,28.8,-64.6,24.5,1.6,-5.0,6.3,0.06,0.09,0.1,-0.9,2.4,True,1.16
WFF,2026-09-23,40.3,6.1,4273751.0,,absent,,absent,2.06,50.3,23.7,-25.4,96.2,3.4,4.0,4.0,0.35,0.37,0.34,-1.0,0.5,True,5.53
